{
    "individual_00": {
        "fitness": [
            0.48,
            0.64,
            0.48
        ],
        "genome": {
            "alpha": -10.665244871076403,
            "beta": -6.208464531003921,
            "gamma": 3.0025502293617397,
            "delta": -1.6604536854798153,
            "epsilon": -0.3024649390543471
        }
    },
    "individual_01": {
        "fitness": [
            0.48,
            0.6,
            0.48
        ],
        "genome": {
            "alpha": -10.665244871076403,
            "beta": -6.208464531003921,
            "gamma": 3.0025502293617397,
            "delta": -1.6604536854798153,
            "epsilon": -0.3024649390543471
        }
    },
    "individual_02": {
        "fitness": [
            0.44,
            0.8,
            0.52
        ],
        "genome": {
            "alpha": -11.162313507279208,
            "beta": 76.64579031635661,
            "gamma": 11.9094103434744,
            "delta": 12.051122008097321,
            "epsilon": 43.10978905919587
        }
    },
    "individual_03": {
        "fitness": [
            0.44,
            0.6,
            0.52
        ],
        "genome": {
            "alpha": -10.665244871076403,
            "beta": -6.208464531003921,
            "gamma": 3.0025502293617397,
            "delta": -1.6604536854798153,
            "epsilon": -0.3024649390543471
        }
    },
    "individual_04": {
        "fitness": [
            0.44,
            0.56,
            0.48
        ],
        "genome": {
            "alpha": -10.665244871076403,
            "beta": -6.208464531003921,
            "gamma": 3.0025502293617397,
            "delta": -1.6604536854798153,
            "epsilon": -0.3024649390543471
        }
    },
    "individual_05": {
        "fitness": [
            0.44,
            0.56,
            0.48
        ],
        "genome": {
            "alpha": -10.665244871076403,
            "beta": -6.208464531003921,
            "gamma": 3.0025502293617397,
            "delta": -1.6604536854798153,
            "epsilon": -0.3024649390543471
        }
    },
    "individual_06": {
        "fitness": [
            0.44,
            0.52,
            0.48
        ],
        "genome": {
            "alpha": 66.2099419657244,
            "beta": 35.875299436112385,
            "gamma": 28.723654719953885,
            "delta": -50.51340047537191,
            "epsilon": 54.03988144320289
        }
    },
    "individual_07": {
        "fitness": [
            0.44,
            0.48,
            0.52
        ],
        "genome": {
            "alpha": 66.2099419657244,
            "beta": 35.875299436112385,
            "gamma": 28.723654719953885,
            "delta": -50.51340047537191,
            "epsilon": 54.03988144320289
        }
    },
    "individual_08": {
        "fitness": [
            0.44,
            0.4,
            0.48
        ],
        "genome": {
            "alpha": 40.72373174109185,
            "beta": -22.801588741790386,
            "gamma": -11.709972011710347,
            "delta": 20.84531216747624,
            "epsilon": -11.670148473935578
        }
    },
    "individual_09": {
        "fitness": [
            0.4,
            0.76,
            0.52
        ],
        "genome": {
            "alpha": -11.162313507279208,
            "beta": 76.64579031635661,
            "gamma": 11.9094103434744,
            "delta": 12.051122008097321,
            "epsilon": 43.10978905919587
        }
    },
    "individual_10": {
        "fitness": [
            0.4,
            0.76,
            0.48
        ],
        "genome": {
            "alpha": -19.009840907814503,
            "beta": -5.785663893951032,
            "gamma": -5.027350145268724,
            "delta": -9.704612703431808,
            "epsilon": -17.401737359418448
        }
    },
    "individual_11": {
        "fitness": [
            0.4,
            0.76,
            0.48
        ],
        "genome": {
            "alpha": -10.665244871076403,
            "beta": -6.208464531003921,
            "gamma": 3.0025502293617397,
            "delta": -1.6604536854798153,
            "epsilon": -0.3024649390543471
        }
    },
    "individual_12": {
        "fitness": [
            0.4,
            0.72,
            0.52
        ],
        "genome": {
            "alpha": 66.2099419657244,
            "beta": 35.875299436112385,
            "gamma": 28.723654719953885,
            "delta": -50.51340047537191,
            "epsilon": 54.03988144320289
        }
    },
    "individual_13": {
        "fitness": [
            0.4,
            0.68,
            0.52
        ],
        "genome": {
            "alpha": -25.444772623015666,
            "beta": -12.974953895585099,
            "gamma": -22.318235230248103,
            "delta": 34.23135650907625,
            "epsilon": 43.343477670748435
        }
    },
    "individual_14": {
        "fitness": [
            0.4,
            0.64,
            0.52
        ],
        "genome": {
            "alpha": -11.162313507279208,
            "beta": 76.64579031635661,
            "gamma": 11.9094103434744,
            "delta": 12.051122008097321,
            "epsilon": 43.10978905919587
        }
    },
    "individual_15": {
        "fitness": [
            0.4,
            0.6,
            0.48
        ],
        "genome": {
            "alpha": -10.665244871076403,
            "beta": -6.208464531003921,
            "gamma": 3.0025502293617397,
            "delta": -1.6604536854798153,
            "epsilon": -0.3024649390543471
        }
    },
    "individual_16": {
        "fitness": [
            0.4,
            0.52,
            0.52
        ],
        "genome": {
            "alpha": -11.162313507279208,
            "beta": 76.64579031635661,
            "gamma": 11.9094103434744,
            "delta": 12.051122008097321,
            "epsilon": 43.10978905919587
        }
    },
    "individual_17": {
        "fitness": [
            0.4,
            0.52,
            0.48
        ],
        "genome": {
            "alpha": 40.72373174109185,
            "beta": -22.801588741790386,
            "gamma": -11.709972011710347,
            "delta": 20.84531216747624,
            "epsilon": -11.670148473935578
        }
    },
    "individual_18": {
        "fitness": [
            0.4,
            0.48,
            0.48
        ],
        "genome": {
            "alpha": -10.665244871076403,
            "beta": -6.208464531003921,
            "gamma": 3.0025502293617397,
            "delta": -1.6604536854798153,
            "epsilon": -0.3024649390543471
        }
    },
    "individual_19": {
        "fitness": [
            0.4,
            0.48,
            0.48
        ],
        "genome": {
            "alpha": -10.665244871076403,
            "beta": -6.208464531003921,
            "gamma": 3.0025502293617397,
            "delta": -1.6604536854798153,
            "epsilon": -0.3024649390543471
        }
    }
}