{
    "individual_00": {
        "fitness": [
            0.44,
            0.8,
            0.52
        ],
        "genome": {
            "alpha": -9.508992716776719,
            "beta": 73.59306315861298,
            "gamma": 15.118337049511144,
            "delta": 13.315609282344163,
            "epsilon": 47.88321804174716
        }
    },
    "individual_01": {
        "fitness": [
            0.44,
            0.6,
            0.52
        ],
        "genome": {
            "alpha": -21.93067425579735,
            "beta": -3.9448363420687462,
            "gamma": 1.702692314175253,
            "delta": -3.0591021220958843,
            "epsilon": 2.9783950651163678
        }
    },
    "individual_02": {
        "fitness": [
            0.44,
            0.52,
            0.48
        ],
        "genome": {
            "alpha": 67.46462438431635,
            "beta": 29.672275582981044,
            "gamma": 25.5523412343011,
            "delta": -53.24116303083324,
            "epsilon": 50.34961811435731
        }
    },
    "individual_03": {
        "fitness": [
            0.44,
            0.48,
            0.52
        ],
        "genome": {
            "alpha": 67.46462438431635,
            "beta": 29.672275582981044,
            "gamma": 25.5523412343011,
            "delta": -53.24116303083324,
            "epsilon": 50.34961811435731
        }
    },
    "individual_04": {
        "fitness": [
            0.44,
            0.4,
            0.48
        ],
        "genome": {
            "alpha": 40.17971266408217,
            "beta": -22.451946144766996,
            "gamma": -12.432699718584765,
            "delta": 19.3045053842827,
            "epsilon": -12.503720047128413
        }
    },
    "individual_05": {
        "fitness": [
            0.4,
            0.76,
            0.52
        ],
        "genome": {
            "alpha": -9.508992716776719,
            "beta": 73.59306315861298,
            "gamma": 15.118337049511144,
            "delta": 13.315609282344163,
            "epsilon": 47.88321804174716
        }
    },
    "individual_06": {
        "fitness": [
            0.4,
            0.76,
            0.48
        ],
        "genome": {
            "alpha": -20.0672527277335,
            "beta": -5.6997366133404626,
            "gamma": -2.6550045618251197,
            "delta": -8.520426061302164,
            "epsilon": -16.28556843762159
        }
    },
    "individual_07": {
        "fitness": [
            0.4,
            0.76,
            0.48
        ],
        "genome": {
            "alpha": -21.93067425579735,
            "beta": -3.9448363420687462,
            "gamma": 1.702692314175253,
            "delta": -3.0591021220958843,
            "epsilon": 2.9783950651163678
        }
    },
    "individual_08": {
        "fitness": [
            0.4,
            0.72,
            0.52
        ],
        "genome": {
            "alpha": 67.46462438431635,
            "beta": 29.672275582981044,
            "gamma": 25.5523412343011,
            "delta": -53.24116303083324,
            "epsilon": 50.34961811435731
        }
    },
    "individual_09": {
        "fitness": [
            0.4,
            0.68,
            0.52
        ],
        "genome": {
            "alpha": -24.72040126877694,
            "beta": -13.203228095534946,
            "gamma": -22.469859927839767,
            "delta": 33.71818435744037,
            "epsilon": 43.70656457447591
        }
    },
    "individual_10": {
        "fitness": [
            0.4,
            0.64,
            0.52
        ],
        "genome": {
            "alpha": -9.508992716776719,
            "beta": 73.59306315861298,
            "gamma": 15.118337049511144,
            "delta": 13.315609282344163,
            "epsilon": 47.88321804174716
        }
    },
    "individual_11": {
        "fitness": [
            0.4,
            0.52,
            0.52
        ],
        "genome": {
            "alpha": -9.508992716776719,
            "beta": 73.59306315861298,
            "gamma": 15.118337049511144,
            "delta": 13.315609282344163,
            "epsilon": 47.88321804174716
        }
    },
    "individual_12": {
        "fitness": [
            0.4,
            0.52,
            0.48
        ],
        "genome": {
            "alpha": 40.17971266408217,
            "beta": -22.451946144766996,
            "gamma": -12.432699718584765,
            "delta": 19.3045053842827,
            "epsilon": -12.503720047128413
        }
    },
    "individual_13": {
        "fitness": [
            0.36,
            0.64,
            0.52
        ],
        "genome": {
            "alpha": -9.508992716776719,
            "beta": 73.59306315861298,
            "gamma": 15.118337049511144,
            "delta": 13.315609282344163,
            "epsilon": 47.88321804174716
        }
    },
    "individual_14": {
        "fitness": [
            0.36,
            0.56,
            0.52
        ],
        "genome": {
            "alpha": -9.508992716776719,
            "beta": 73.59306315861298,
            "gamma": 15.118337049511144,
            "delta": 13.315609282344163,
            "epsilon": 47.88321804174716
        }
    },
    "individual_15": {
        "fitness": [
            0.36,
            0.56,
            0.52
        ],
        "genome": {
            "alpha": -9.508992716776719,
            "beta": 73.59306315861298,
            "gamma": 15.118337049511144,
            "delta": 13.315609282344163,
            "epsilon": 47.88321804174716
        }
    },
    "individual_16": {
        "fitness": [
            0.36,
            0.52,
            0.48
        ],
        "genome": {
            "alpha": 40.17971266408217,
            "beta": -22.451946144766996,
            "gamma": -12.432699718584765,
            "delta": 19.3045053842827,
            "epsilon": -12.503720047128413
        }
    },
    "individual_17": {
        "fitness": [
            0.36,
            0.52,
            0.48
        ],
        "genome": {
            "alpha": 40.17971266408217,
            "beta": -22.451946144766996,
            "gamma": -12.432699718584765,
            "delta": 19.3045053842827,
            "epsilon": -12.503720047128413
        }
    },
    "individual_18": {
        "fitness": [
            0.36,
            0.52,
            0.48
        ],
        "genome": {
            "alpha": -21.93067425579735,
            "beta": -3.9448363420687462,
            "gamma": 1.702692314175253,
            "delta": -3.0591021220958843,
            "epsilon": 2.9783950651163678
        }
    },
    "individual_19": {
        "fitness": [
            0.36,
            0.48,
            0.52
        ],
        "genome": {
            "alpha": -9.508992716776719,
            "beta": 73.59306315861298,
            "gamma": 15.118337049511144,
            "delta": 13.315609282344163,
            "epsilon": 47.88321804174716
        }
    }
}