{
    "individual_00": {
        "fitness": [
            0.48,
            0.64,
            0.48
        ],
        "genome": {
            "alpha": -19.390093943375838,
            "beta": -4.903113630806129,
            "gamma": 5.2949381137770875,
            "delta": -1.3033051286898114,
            "epsilon": 2.757080808473747
        }
    },
    "individual_01": {
        "fitness": [
            0.48,
            0.6,
            0.48
        ],
        "genome": {
            "alpha": -19.390093943375838,
            "beta": -4.903113630806129,
            "gamma": 5.2949381137770875,
            "delta": -1.3033051286898114,
            "epsilon": 2.757080808473747
        }
    },
    "individual_02": {
        "fitness": [
            0.44,
            0.8,
            0.52
        ],
        "genome": {
            "alpha": -13.62600424170728,
            "beta": 76.5796524334379,
            "gamma": 13.412821478605144,
            "delta": 12.600026558753063,
            "epsilon": 43.2346287483277
        }
    },
    "individual_03": {
        "fitness": [
            0.44,
            0.6,
            0.52
        ],
        "genome": {
            "alpha": -19.390093943375838,
            "beta": -4.903113630806129,
            "gamma": 5.2949381137770875,
            "delta": -1.3033051286898114,
            "epsilon": 2.757080808473747
        }
    },
    "individual_04": {
        "fitness": [
            0.44,
            0.56,
            0.48
        ],
        "genome": {
            "alpha": -19.390093943375838,
            "beta": -4.903113630806129,
            "gamma": 5.2949381137770875,
            "delta": -1.3033051286898114,
            "epsilon": 2.757080808473747
        }
    },
    "individual_05": {
        "fitness": [
            0.44,
            0.56,
            0.48
        ],
        "genome": {
            "alpha": -19.390093943375838,
            "beta": -4.903113630806129,
            "gamma": 5.2949381137770875,
            "delta": -1.3033051286898114,
            "epsilon": 2.757080808473747
        }
    },
    "individual_06": {
        "fitness": [
            0.44,
            0.52,
            0.48
        ],
        "genome": {
            "alpha": 66.4701300797294,
            "beta": 31.6662872664251,
            "gamma": 29.07699665348186,
            "delta": -50.25361873165847,
            "epsilon": 52.25927658979871
        }
    },
    "individual_07": {
        "fitness": [
            0.44,
            0.48,
            0.52
        ],
        "genome": {
            "alpha": 66.4701300797294,
            "beta": 31.6662872664251,
            "gamma": 29.07699665348186,
            "delta": -50.25361873165847,
            "epsilon": 52.25927658979871
        }
    },
    "individual_08": {
        "fitness": [
            0.44,
            0.4,
            0.48
        ],
        "genome": {
            "alpha": 42.07924375680577,
            "beta": -21.9523999263322,
            "gamma": -11.91056176612307,
            "delta": 18.987439104553168,
            "epsilon": -12.225729158380805
        }
    },
    "individual_09": {
        "fitness": [
            0.4,
            0.76,
            0.52
        ],
        "genome": {
            "alpha": -13.62600424170728,
            "beta": 76.5796524334379,
            "gamma": 13.412821478605144,
            "delta": 12.600026558753063,
            "epsilon": 43.2346287483277
        }
    },
    "individual_10": {
        "fitness": [
            0.4,
            0.76,
            0.48
        ],
        "genome": {
            "alpha": -19.009840907814503,
            "beta": -5.785663893951032,
            "gamma": -5.027350145268724,
            "delta": -9.704612703431808,
            "epsilon": -17.401737359418448
        }
    },
    "individual_11": {
        "fitness": [
            0.4,
            0.76,
            0.48
        ],
        "genome": {
            "alpha": -19.390093943375838,
            "beta": -4.903113630806129,
            "gamma": 5.2949381137770875,
            "delta": -1.3033051286898114,
            "epsilon": 2.757080808473747
        }
    },
    "individual_12": {
        "fitness": [
            0.4,
            0.72,
            0.52
        ],
        "genome": {
            "alpha": 66.4701300797294,
            "beta": 31.6662872664251,
            "gamma": 29.07699665348186,
            "delta": -50.25361873165847,
            "epsilon": 52.25927658979871
        }
    },
    "individual_13": {
        "fitness": [
            0.4,
            0.68,
            0.52
        ],
        "genome": {
            "alpha": -24.924717265500245,
            "beta": -13.026626182958054,
            "gamma": -22.88106555550958,
            "delta": 33.38806895459666,
            "epsilon": 43.87756162572149
        }
    },
    "individual_14": {
        "fitness": [
            0.4,
            0.64,
            0.52
        ],
        "genome": {
            "alpha": -13.62600424170728,
            "beta": 76.5796524334379,
            "gamma": 13.412821478605144,
            "delta": 12.600026558753063,
            "epsilon": 43.2346287483277
        }
    },
    "individual_15": {
        "fitness": [
            0.4,
            0.6,
            0.48
        ],
        "genome": {
            "alpha": -19.390093943375838,
            "beta": -4.903113630806129,
            "gamma": 5.2949381137770875,
            "delta": -1.3033051286898114,
            "epsilon": 2.757080808473747
        }
    },
    "individual_16": {
        "fitness": [
            0.4,
            0.52,
            0.52
        ],
        "genome": {
            "alpha": -13.62600424170728,
            "beta": 76.5796524334379,
            "gamma": 13.412821478605144,
            "delta": 12.600026558753063,
            "epsilon": 43.2346287483277
        }
    },
    "individual_17": {
        "fitness": [
            0.4,
            0.52,
            0.48
        ],
        "genome": {
            "alpha": 42.07924375680577,
            "beta": -21.9523999263322,
            "gamma": -11.91056176612307,
            "delta": 18.987439104553168,
            "epsilon": -12.225729158380805
        }
    },
    "individual_18": {
        "fitness": [
            0.4,
            0.48,
            0.48
        ],
        "genome": {
            "alpha": -19.390093943375838,
            "beta": -4.903113630806129,
            "gamma": 5.2949381137770875,
            "delta": -1.3033051286898114,
            "epsilon": 2.757080808473747
        }
    },
    "individual_19": {
        "fitness": [
            0.4,
            0.48,
            0.48
        ],
        "genome": {
            "alpha": -19.390093943375838,
            "beta": -4.903113630806129,
            "gamma": 5.2949381137770875,
            "delta": -1.3033051286898114,
            "epsilon": 2.757080808473747
        }
    }
}