{
    "individual_00": {
        "fitness": [
            0.44,
            0.8,
            0.52
        ],
        "genome": {
            "alpha": -8.751967975228325,
            "beta": 72.90380657964542,
            "gamma": 13.433825095719666,
            "delta": 12.895834760249922,
            "epsilon": 47.296469825548115
        }
    },
    "individual_01": {
        "fitness": [
            0.44,
            0.6,
            0.52
        ],
        "genome": {
            "alpha": -19.211038462492205,
            "beta": -10.669631580207897,
            "gamma": 1.858339911640904,
            "delta": -3.250133969300982,
            "epsilon": 4.312973060903024
        }
    },
    "individual_02": {
        "fitness": [
            0.44,
            0.52,
            0.48
        ],
        "genome": {
            "alpha": 62.56068014046388,
            "beta": 33.664754965720164,
            "gamma": 24.637987893666356,
            "delta": -57.711967411141764,
            "epsilon": 53.03119574976428
        }
    },
    "individual_03": {
        "fitness": [
            0.44,
            0.48,
            0.52
        ],
        "genome": {
            "alpha": 62.56068014046388,
            "beta": 33.664754965720164,
            "gamma": 24.637987893666356,
            "delta": -57.711967411141764,
            "epsilon": 53.03119574976428
        }
    },
    "individual_04": {
        "fitness": [
            0.44,
            0.4,
            0.48
        ],
        "genome": {
            "alpha": 42.263447964329636,
            "beta": -25.78248432982317,
            "gamma": -10.064461913521232,
            "delta": 16.413928132462676,
            "epsilon": -13.686692795530957
        }
    },
    "individual_05": {
        "fitness": [
            0.4,
            0.76,
            0.52
        ],
        "genome": {
            "alpha": -8.751967975228325,
            "beta": 72.90380657964542,
            "gamma": 13.433825095719666,
            "delta": 12.895834760249922,
            "epsilon": 47.296469825548115
        }
    },
    "individual_06": {
        "fitness": [
            0.4,
            0.76,
            0.48
        ],
        "genome": {
            "alpha": -16.39446062705693,
            "beta": -6.2916673064193605,
            "gamma": -3.1596875300378047,
            "delta": -9.431689235956352,
            "epsilon": -15.999583465336297
        }
    },
    "individual_07": {
        "fitness": [
            0.4,
            0.76,
            0.48
        ],
        "genome": {
            "alpha": -19.211038462492205,
            "beta": -10.669631580207897,
            "gamma": 1.858339911640904,
            "delta": -3.250133969300982,
            "epsilon": 4.312973060903024
        }
    },
    "individual_08": {
        "fitness": [
            0.4,
            0.72,
            0.52
        ],
        "genome": {
            "alpha": 62.56068014046388,
            "beta": 33.664754965720164,
            "gamma": 24.637987893666356,
            "delta": -57.711967411141764,
            "epsilon": 53.03119574976428
        }
    },
    "individual_09": {
        "fitness": [
            0.4,
            0.68,
            0.52
        ],
        "genome": {
            "alpha": -24.49097151999048,
            "beta": -14.633936023008632,
            "gamma": -20.897864558186683,
            "delta": 30.06351980164607,
            "epsilon": 44.06951762091548
        }
    },
    "individual_10": {
        "fitness": [
            0.4,
            0.64,
            0.52
        ],
        "genome": {
            "alpha": -8.751967975228325,
            "beta": 72.90380657964542,
            "gamma": 13.433825095719666,
            "delta": 12.895834760249922,
            "epsilon": 47.296469825548115
        }
    },
    "individual_11": {
        "fitness": [
            0.36,
            0.64,
            0.52
        ],
        "genome": {
            "alpha": -8.751967975228325,
            "beta": 72.90380657964542,
            "gamma": 13.433825095719666,
            "delta": 12.895834760249922,
            "epsilon": 47.296469825548115
        }
    },
    "individual_12": {
        "fitness": [
            0.36,
            0.56,
            0.52
        ],
        "genome": {
            "alpha": -8.751967975228325,
            "beta": 72.90380657964542,
            "gamma": 13.433825095719666,
            "delta": 12.895834760249922,
            "epsilon": 47.296469825548115
        }
    },
    "individual_13": {
        "fitness": [
            0.36,
            0.52,
            0.48
        ],
        "genome": {
            "alpha": 42.263447964329636,
            "beta": -25.78248432982317,
            "gamma": -10.064461913521232,
            "delta": 16.413928132462676,
            "epsilon": -13.686692795530957
        }
    },
    "individual_14": {
        "fitness": [
            0.36,
            0.52,
            0.48
        ],
        "genome": {
            "alpha": 42.263447964329636,
            "beta": -25.78248432982317,
            "gamma": -10.064461913521232,
            "delta": 16.413928132462676,
            "epsilon": -13.686692795530957
        }
    },
    "individual_15": {
        "fitness": [
            0.32,
            0.8,
            0.48
        ],
        "genome": {
            "alpha": 42.263447964329636,
            "beta": -25.78248432982317,
            "gamma": -10.064461913521232,
            "delta": 16.413928132462676,
            "epsilon": -13.686692795530957
        }
    },
    "individual_16": {
        "fitness": [
            0.32,
            0.76,
            0.48
        ],
        "genome": {
            "alpha": 42.263447964329636,
            "beta": -25.78248432982317,
            "gamma": -10.064461913521232,
            "delta": 16.413928132462676,
            "epsilon": -13.686692795530957
        }
    },
    "individual_17": {
        "fitness": [
            0.32,
            0.72,
            0.48
        ],
        "genome": {
            "alpha": 42.263447964329636,
            "beta": -25.78248432982317,
            "gamma": -10.064461913521232,
            "delta": 16.413928132462676,
            "epsilon": -13.686692795530957
        }
    },
    "individual_18": {
        "fitness": [
            0.32,
            0.68,
            0.52
        ],
        "genome": {
            "alpha": 10.293065539126797,
            "beta": 20.604453187171774,
            "gamma": 9.011543565444926,
            "delta": -11.250722626152083,
            "epsilon": -38.38656434623661
        }
    },
    "individual_19": {
        "fitness": [
            0.32,
            0.68,
            0.52
        ],
        "genome": {
            "alpha": -8.751967975228325,
            "beta": 72.90380657964542,
            "gamma": 13.433825095719666,
            "delta": 12.895834760249922,
            "epsilon": 47.296469825548115
        }
    }
}