{
    "individual_00": {
        "fitness": [
            0.44,
            0.8,
            0.52
        ],
        "genome": {
            "alpha": -12.228556866040943,
            "beta": 77.44867497850886,
            "gamma": 7.190937752438881,
            "delta": 10.629790618213386,
            "epsilon": 34.46747782969669
        }
    },
    "individual_01": {
        "fitness": [
            0.44,
            0.6,
            0.52
        ],
        "genome": {
            "alpha": -12.92666498269994,
            "beta": -4.702323453221186,
            "gamma": 6.84827909803659,
            "delta": -5.7484341542325605,
            "epsilon": 4.814790430254525
        }
    },
    "individual_02": {
        "fitness": [
            0.44,
            0.52,
            0.48
        ],
        "genome": {
            "alpha": 55.91312530763499,
            "beta": 30.050568041116243,
            "gamma": 14.841853423070294,
            "delta": -55.374907734269904,
            "epsilon": 49.81032135613847
        }
    },
    "individual_03": {
        "fitness": [
            0.44,
            0.48,
            0.52
        ],
        "genome": {
            "alpha": 55.91312530763499,
            "beta": 30.050568041116243,
            "gamma": 14.841853423070294,
            "delta": -55.374907734269904,
            "epsilon": 49.81032135613847
        }
    },
    "individual_04": {
        "fitness": [
            0.44,
            0.4,
            0.48
        ],
        "genome": {
            "alpha": 37.25381786752363,
            "beta": -26.922064877324424,
            "gamma": -9.166979956961898,
            "delta": 10.834763592471077,
            "epsilon": -12.87612139229171
        }
    },
    "individual_05": {
        "fitness": [
            0.4,
            0.76,
            0.52
        ],
        "genome": {
            "alpha": -12.228556866040943,
            "beta": 77.44867497850886,
            "gamma": 7.190937752438881,
            "delta": 10.629790618213386,
            "epsilon": 34.46747782969669
        }
    },
    "individual_06": {
        "fitness": [
            0.4,
            0.76,
            0.48
        ],
        "genome": {
            "alpha": -18.33936259171543,
            "beta": -6.61043570443432,
            "gamma": -4.781960558805918,
            "delta": -9.998183895572009,
            "epsilon": -19.121189534856967
        }
    },
    "individual_07": {
        "fitness": [
            0.4,
            0.76,
            0.48
        ],
        "genome": {
            "alpha": -12.92666498269994,
            "beta": -4.702323453221186,
            "gamma": 6.84827909803659,
            "delta": -5.7484341542325605,
            "epsilon": 4.814790430254525
        }
    },
    "individual_08": {
        "fitness": [
            0.4,
            0.72,
            0.52
        ],
        "genome": {
            "alpha": 55.91312530763499,
            "beta": 30.050568041116243,
            "gamma": 14.841853423070294,
            "delta": -55.374907734269904,
            "epsilon": 49.81032135613847
        }
    },
    "individual_09": {
        "fitness": [
            0.4,
            0.68,
            0.52
        ],
        "genome": {
            "alpha": -24.49097151999048,
            "beta": -14.633936023008632,
            "gamma": -20.897864558186683,
            "delta": 30.06351980164607,
            "epsilon": 44.06951762091548
        }
    },
    "individual_10": {
        "fitness": [
            0.4,
            0.64,
            0.52
        ],
        "genome": {
            "alpha": -12.228556866040943,
            "beta": 77.44867497850886,
            "gamma": 7.190937752438881,
            "delta": 10.629790618213386,
            "epsilon": 34.46747782969669
        }
    },
    "individual_11": {
        "fitness": [
            0.36,
            0.64,
            0.52
        ],
        "genome": {
            "alpha": -12.228556866040943,
            "beta": 77.44867497850886,
            "gamma": 7.190937752438881,
            "delta": 10.629790618213386,
            "epsilon": 34.46747782969669
        }
    },
    "individual_12": {
        "fitness": [
            0.36,
            0.52,
            0.48
        ],
        "genome": {
            "alpha": 37.25381786752363,
            "beta": -26.922064877324424,
            "gamma": -9.166979956961898,
            "delta": 10.834763592471077,
            "epsilon": -12.87612139229171
        }
    },
    "individual_13": {
        "fitness": [
            0.32,
            0.72,
            0.48
        ],
        "genome": {
            "alpha": 37.25381786752363,
            "beta": -26.922064877324424,
            "gamma": -9.166979956961898,
            "delta": 10.834763592471077,
            "epsilon": -12.87612139229171
        }
    },
    "individual_14": {
        "fitness": [
            0.32,
            0.68,
            0.52
        ],
        "genome": {
            "alpha": 10.293065539126797,
            "beta": 20.604453187171774,
            "gamma": 9.011543565444926,
            "delta": -11.250722626152083,
            "epsilon": -38.38656434623661
        }
    },
    "individual_15": {
        "fitness": [
            0.32,
            0.64,
            0.52
        ],
        "genome": {
            "alpha": -12.228556866040943,
            "beta": 77.44867497850886,
            "gamma": 7.190937752438881,
            "delta": 10.629790618213386,
            "epsilon": 34.46747782969669
        }
    },
    "individual_16": {
        "fitness": [
            0.32,
            0.64,
            0.52
        ],
        "genome": {
            "alpha": -12.92666498269994,
            "beta": -4.702323453221186,
            "gamma": 6.84827909803659,
            "delta": -5.7484341542325605,
            "epsilon": 4.814790430254525
        }
    },
    "individual_17": {
        "fitness": [
            0.32,
            0.6,
            0.52
        ],
        "genome": {
            "alpha": -4.139075546291688,
            "beta": -7.99780141335421,
            "gamma": -5.105841828427485,
            "delta": 4.343646523669149,
            "epsilon": 4.969662143454103
        }
    },
    "individual_18": {
        "fitness": [
            0.32,
            0.56,
            0.52
        ],
        "genome": {
            "alpha": -12.92666498269994,
            "beta": -4.702323453221186,
            "gamma": 6.84827909803659,
            "delta": -5.7484341542325605,
            "epsilon": 4.814790430254525
        }
    },
    "individual_19": {
        "fitness": [
            0.32,
            0.4,
            0.48
        ],
        "genome": {
            "alpha": 37.25381786752363,
            "beta": -26.922064877324424,
            "gamma": -9.166979956961898,
            "delta": 10.834763592471077,
            "epsilon": -12.87612139229171
        }
    }
}